"","species1","species2","species3","species4","species5","species6","species7","species8","species9","species10","species11","species12","species13","species14","species15","species16","species17","species18","species19","species20","species21","species22","species23","species24","species25","species26","species27","species28","species29","species30","species31","species32","species33","species34","species35","species36","species37","species38","species39","species40","species41","species42","species43","species44","species45","species46","species47","species48","species49","species50","species51","species52","species53","species54","species55","species56","species57","species58","species59","species60","species61","species62","species63","species64","species65","species66","species67","species68","species69","species70","species71","species72","species73","species74","species75","species76","species77","species78","species79","species80","species81","species82","species83","species84","species85","species86","species87","species88","species89","species90","species91","species92","species93","species94","species95","species96","species97","species98","species99","species100"
"Site1",1555,7085,9861,425,464,8634,7370,9643,4605,7717,54,7083,6830,1337,4426,3579,3177,621,3480,5562,6065,5978,977,4874,8305,9504,9452,4244,394,4949,1522,1802,6046,245,1924,4975,13,3955,4811,3706,9670,9402,5452,6075,1494,9348,1339,3238,8741,5900,6426,175,8758,7211,9291,8760,7911,3718,6567,4534,1893,4674,414,7625,7406,2812,543,6238,5057,9913,1747,6362,9492,2853,4812,548,8885,6511,8969,9106,7822,8369,7180,2606,3483,5705,4290,2220,9681,7677,9939,8187,8986,9221,1645,5600,6256,6475,1722,2567
"Site2",745,6370,5906,7458,1877,6680,2821,9778,4463,3683,6045,9658,4446,8826,3800,3776,1635,7672,9124,9372,7165,9551,8622,3325,3054,3273,689,9594,637,5469,3022,6299,3837,4782,5591,9294,6583,6524,7078,6258,7342,225,2945,2084,8187,7868,7302,7409,1985,4518,2670,1696,1731,9179,1934,8806,3949,1590,882,42,9676,5682,9325,8367,5646,3998,2332,7182,819,5544,2103,4175,6337,3573,5795,2716,6908,5888,9148,1366,271,606,1075,5628,1629,3815,5477,4968,7907,5291,5908,663,9198,8435,3274,919,4104,8601,9902,8020
"Site3",5048,8160,2993,1933,3751,3714,284,3904,9220,2538,154,2866,5835,9346,6898,725,3647,8099,1605,7929,1702,3265,5540,602,8101,4220,7592,7936,3752,9544,9206,6414,6719,1134,2912,1070,3926,5217,189,5100,8329,3104,5579,3306,8053,5504,5756,4475,2121,1267,6811,5259,7617,4100,1377,9106,2264,6367,5534,7513,406,1901,727,5073,7927,6770,7,6259,59,6170,3180,8992,6830,2937,3020,9886,8887,6951,5857,6003,6524,228,3527,5936,8486,5305,1475,1494,6753,8118,3102,5839,6191,3411,7132,7369,4436,7409,500,5914
"Site4",5119,4851,231,9909,7261,9620,6409,3290,6669,5580,5760,8405,6566,2113,7391,4736,4798,6437,2148,513,5254,8043,725,4294,4331,6172,2339,3341,2807,5957,1641,10000,1117,5062,6847,8297,5256,4682,6831,3106,473,4772,8605,116,172,121,5935,7147,7921,8035,9953,8249,8006,1321,3054,7981,8922,6052,6240,3357,5190,5758,4881,9273,6670,9685,4529,9858,2940,3559,6033,5366,821,2861,6857,5964,8397,6135,5387,1647,9386,2485,3091,3336,3921,8964,2094,9631,1544,1281,9138,9142,1248,9505,8103,2236,4225,5731,71,5603
"Site5",4299,3194,7639,2855,8937,1917,6413,7317,6019,7650,6960,5176,8235,2029,843,8066,470,6556,7497,8644,3643,5762,3992,9861,3825,5030,9341,1005,9022,9935,6619,3139,9200,8014,6889,604,3245,9542,3042,6207,1342,2885,3303,1695,451,7701,2867,7574,2315,4266,5037,6373,339,1320,1400,9329,8944,3291,4479,323,8145,9226,7813,5578,7683,1099,4056,3840,6777,8271,4219,2016,4097,7432,725,2889,3358,4910,1566,2384,2141,3372,5863,7410,8991,8503,5230,3822,9282,2677,4457,8601,6998,9701,2266,2129,2827,8567,9640,2618
"Site6",8717,7053,5783,3383,8469,8568,1470,3074,5540,5216,9775,3710,3893,4308,9264,8568,1099,909,5651,3878,3821,5797,9038,3398,2344,8132,6583,2416,8313,8519,5450,9104,4599,8007,2028,2381,7141,9089,3942,9214,5480,8624,3879,427,4107,3941,8216,5669,6132,7961,7002,655,8407,2327,598,2092,5495,578,9771,751,8517,1238,6843,3887,5736,2946,2308,1292,5698,8433,9885,5156,3578,7341,5210,1405,3717,8582,944,6349,6162,5734,4389,2551,7758,810,5949,3759,3165,6725,1621,2198,1939,9468,7459,8535,8404,8595,2510,4680
"Site7",7895,7358,1402,3462,6822,6831,3682,6541,9108,5507,2353,889,6876,9437,4355,8057,7491,3830,4904,939,506,7635,7705,9164,7546,6203,7460,1349,9946,9463,2534,255,6348,9341,834,7036,1875,1,6515,9315,5591,7334,8748,4527,2044,9673,2471,4768,9745,8299,711,4716,1324,112,6444,3404,6861,3191,6748,7100,126,4447,3082,3149,7776,6656,6330,6789,6646,2186,7428,8277,5731,3692,2603,1368,5215,5436,4482,5404,109,4839,5198,1716,2846,3005,5410,7873,4325,7950,3316,6457,5225,1375,1734,4706,2432,7915,9826,2506
"Site8",9067,1847,9892,5244,5693,5256,4528,1437,5602,8515,2406,3928,4489,2685,2076,1129,2458,1861,4585,590,8670,3218,5816,652,2739,6334,8737,2404,5493,6536,2787,5988,400,1401,5580,2429,7496,9283,2663,4909,7921,535,9681,2476,9260,2125,3081,1749,4694,3272,4724,7458,6967,7563,6267,5549,7214,6721,7788,9277,8618,732,249,6759,8172,9979,1480,6266,772,5993,1047,8144,6580,650,8902,5406,5879,9593,142,4489,8398,5859,9774,2624,4180,8322,5166,2480,2593,5785,54,8112,9769,6463,3188,3303,4195,277,4093,9428
"Site9",5744,9396,2373,9408,9256,4989,1159,4942,24,3139,9340,3805,291,7811,9224,5418,8488,3877,9226,4177,1753,614,8124,7359,7091,7729,8884,9616,1150,2574,6636,7563,822,6367,3427,1757,7160,1039,4249,6067,8661,4388,532,891,4021,4308,1257,4887,7816,3057,5372,3866,9958,6859,9629,6677,1133,7772,2876,6207,7312,9576,6093,5592,8586,8804,2220,5076,7226,6366,9066,7404,3784,2882,1230,1296,3756,5378,5425,423,8440,7231,2719,1779,5946,8745,3184,9807,9805,5021,8878,9818,4308,9478,2104,2696,9794,2205,6600,4410
"Site10",6287,675,8911,7093,9820,6583,4466,4094,5819,7687,459,6455,3068,1545,133,7286,1769,2651,8154,3011,7301,3167,5281,6816,668,19,6198,3672,6109,3698,7181,4772,8801,9537,508,6401,2216,3647,5345,258,9326,8851,7731,2975,2557,208,4571,8028,3751,3646,1170,889,3103,3851,6369,6359,3610,6447,1471,1437,1194,8961,1433,562,8843,1751,6753,6967,8947,3064,9786,8334,9460,4264,5066,1335,5611,8580,431,4305,7741,4902,4928,9682,4551,3383,6741,2401,9174,670,8415,5348,2013,1928,3239,9913,3658,2421,2691,1063
"Site11",2259,5017,6264,9173,3980,3058,1097,9729,8448,3916,6690,5795,633,4894,5439,2882,9143,5513,3897,5522,9983,44,4691,2595,817,8640,6673,874,7347,3926,3388,7818,3471,128,1182,1088,701,7101,6253,6809,3984,6250,8102,8540,7150,1353,1698,4004,9360,4442,6941,8808,610,476,5598,5768,8870,3216,9242,6855,2833,9841,2013,4035,2367,6577,8265,9853,31,4614,7145,5509,2002,3879,56,6661,4380,30,3848,8998,2861,6485,3631,30,215,8347,8218,7912,4351,3728,7592,1705,5391,4600,4108,5719,5091,3614,1088,593
"Site12",9990,524,6821,7842,7516,7477,7701,9024,7074,5358,946,4388,7427,6326,4725,7403,6439,8416,8238,3285,2477,2667,9512,3926,9363,1702,4960,387,4335,498,5803,3591,3753,8461,8135,9945,4836,2219,8085,8735,9369,9888,7293,9032,4491,7462,8070,5870,526,6046,8498,8969,210,5856,8053,6550,5704,7885,8256,4676,2961,4802,7013,5246,57,8263,4718,6130,2739,7765,9232,8018,6281,8699,5534,3808,6317,5243,280,1907,220,8919,8501,4315,4496,7685,9951,7343,6192,6502,7928,8255,2927,6066,7799,5234,3638,9910,7100,7367
"Site13",1989,4224,5333,5291,3666,1261,5313,4494,5429,7873,1824,8487,2610,9720,42,8700,8228,435,5127,1496,5188,2377,3821,5124,4350,6057,5386,6768,2758,9100,1451,2833,1223,519,7481,2685,1470,4092,660,9148,1907,5403,8104,3598,6489,5107,8746,3479,1782,4384,6984,4566,6084,8831,5910,7811,9295,8786,8579,8744,4043,9601,7385,8582,1043,5223,4270,4294,7947,914,963,5829,407,814,9493,3825,4783,6086,5600,7132,6501,6998,4052,5390,9265,9287,4629,4765,1518,1663,9617,9792,3291,8674,9674,6840,8864,1534,2974,4374
"Site14",7740,253,193,4863,66,6967,1750,2149,3552,2588,6878,4242,8155,749,2018,7603,8603,1732,6227,7311,4312,1614,7644,7565,2207,2997,6045,4906,2537,4792,3517,2478,1457,2306,4032,9782,5565,6116,5709,8577,7557,2560,930,451,3401,7237,1514,1732,2312,5632,6473,1592,212,1824,7079,2532,4867,2982,1931,4624,3924,9770,9791,2415,8469,9217,7203,7694,8384,8965,7974,4858,9060,9874,2408,1447,2147,2533,2640,5268,9539,9026,4670,4092,6330,4787,132,2265,4755,2849,5449,9851,9046,4806,3606,1105,1563,922,8093,1087
"Site15",5488,6348,6049,4392,9294,3672,4959,392,8617,262,214,6710,2774,8102,6517,877,6426,7475,8455,4612,9712,9282,1766,3380,1780,1605,4972,9422,1834,5311,42,2030,4970,9181,6829,9906,4010,4413,9838,8453,7912,6223,6851,6096,9393,8219,3222,8507,4091,5719,398,2069,4783,5824,991,9457,8299,7540,9745,9586,8938,2724,9559,2108,7951,56,52,2066,5841,9884,5927,2294,4370,249,9269,6463,3463,2549,9707,9306,8837,8593,6018,8141,233,4168,6842,4650,3124,5288,6892,9628,85,3429,3606,5168,1620,5248,1909,6866
"Site16",9792,6463,6300,2236,2992,2190,7168,1762,5000,7263,4126,6272,7799,2892,4609,6556,8119,1516,6414,5611,3235,3224,55,5639,6450,8930,5711,1221,707,9345,9669,6439,8156,6955,6922,370,524,373,6743,4310,290,2620,343,1784,8244,8521,994,1791,3749,4994,3309,3466,2961,5555,7853,4383,3280,3175,5812,465,996,2889,6579,3628,9435,4098,176,2562,7720,239,7946,5252,7883,6562,4588,899,2207,4237,7428,5741,9821,9524,4908,2004,5430,140,2148,5716,8460,5434,9303,2588,9702,2772,1916,6154,4929,8035,4197,8436
"Site17",3811,107,3070,9064,4906,2585,9972,7103,4799,9622,9881,3664,3435,7884,8941,6300,4068,6180,5857,2922,5799,348,6995,3412,5006,7466,2500,3923,3148,7046,8031,8697,7236,904,2773,9998,7079,7788,5716,1333,765,1116,9788,6255,8053,6295,8085,4323,2746,6257,9170,5632,8387,2863,3168,1088,8781,9032,4630,4183,1246,3590,4599,511,5529,8076,7740,433,7148,7302,8039,3347,5283,1158,2847,7518,5976,9310,66,3387,1701,1286,8645,63,5620,7408,5183,9265,2696,9496,3862,4761,2225,9932,1288,678,3231,5659,6698,596
"Site18",8746,2651,8426,7608,8408,1301,7424,8194,4053,7781,4394,6869,252,7673,6993,340,682,6826,7080,4504,2660,3560,865,713,5695,2654,3860,7095,8054,27,8346,9626,766,8467,6110,2513,253,3946,8483,3536,788,6312,5825,8793,145,3149,9627,8778,4951,8632,795,4379,6949,7330,8012,9299,2186,3229,4132,9292,1534,6651,8681,8050,3669,1885,6856,2147,2865,1186,3719,2002,1557,5132,5140,7694,5009,9659,7427,5710,2841,8561,1019,542,8275,2291,6371,3353,6147,3581,3730,1626,3228,5951,7082,811,8188,5166,6260,4182
"Site19",8127,2568,6045,8668,9966,40,325,2845,3344,517,4372,7187,5657,5696,2445,7265,8113,814,9279,3504,904,7886,7265,9900,3096,1235,7517,244,6365,6651,8256,9033,1330,6304,3272,5777,6655,855,3425,5494,6861,724,7148,623,1756,8301,467,2342,2440,9506,9176,6362,1011,6936,4558,655,7181,1462,9318,4670,6850,1733,9500,8823,6587,3527,2726,8700,3433,8269,7216,114,7441,9102,1942,7774,4655,2537,8263,3390,9768,2595,1943,1422,1188,4863,7417,6162,7892,5950,1953,6938,9819,8321,9034,4675,6569,7209,1699,715
"Site20",6077,7876,2662,6671,7427,1116,5169,3918,6389,291,9117,5430,1671,7863,2624,8159,6271,2792,1127,6069,8453,3223,1747,1826,1797,6837,9001,5755,5130,1194,8964,5831,8124,9275,6674,2299,4400,8831,9970,8239,8267,8358,5732,1789,766,7904,8278,6122,7622,1275,1975,2089,9023,1075,8061,7710,3966,6639,9657,2835,3052,5288,2408,9042,4877,4053,2708,872,7943,7330,1923,7286,1912,4530,7410,2923,4322,900,7817,4555,3007,5565,6040,4741,4120,2923,3884,1953,6468,4794,4669,8736,9067,8746,8930,6324,2946,1600,150,7311
"Site21",980,3523,117,6400,786,6164,3618,1312,2401,7171,4817,1914,6352,2264,478,3277,1868,5422,7977,6648,3929,3735,3181,2201,2588,4602,9127,6416,2679,3786,4196,5695,3536,1618,7994,6284,6943,456,9151,9545,6031,4624,9373,6457,7558,8097,6437,1750,6249,5538,3805,6701,6027,4198,2037,5175,391,8285,2747,7270,832,3883,8233,7826,9296,8881,6453,462,3060,4874,7915,4806,7594,9250,3032,4717,7917,1468,423,5347,5364,283,6392,3136,2364,9240,7592,1452,1237,4289,1592,1269,1577,7742,4376,891,4989,7230,1603,3801
"Site22",8070,1573,8212,4381,3693,364,1455,2560,7867,6957,5456,4768,4385,2131,6443,2126,9698,612,9494,8150,8345,9832,2226,1645,8979,7612,6698,5487,3981,967,8619,5269,7396,6550,5188,4072,5097,4792,5172,3650,9282,5494,1358,4758,2435,7878,5360,3309,9805,4026,6656,6699,9879,123,7726,9919,7828,5559,4821,8694,6045,1328,6532,521,9003,486,4587,5974,887,5027,6144,5329,3409,3281,989,7291,1262,8314,2718,6961,5510,3035,9003,7088,9283,6140,7771,6341,8015,2286,6345,4836,3940,9405,9131,6327,1171,8082,4263,8110
"Site23",4399,4641,4284,1572,895,7136,7619,4937,3518,4284,8504,4461,3713,1214,5176,2051,2943,3490,2909,2252,4096,6404,6746,5647,6899,144,3709,7370,4877,4728,5338,400,6480,5081,8968,3733,5941,1474,2598,5622,3788,5086,6114,8908,9420,6235,558,9579,5165,6345,564,7916,1742,8409,9288,1670,9033,5100,2164,3835,8836,9465,2711,1969,5721,9565,7392,7762,6558,2247,5365,4051,693,244,53,5669,3893,7267,4759,3432,6012,5534,5085,6645,9104,7607,1699,499,5998,7341,792,8682,5310,7101,8439,893,3102,3093,9222,2926
"Site24",7156,544,3088,7498,3083,9885,3013,1863,5781,3124,8144,92,6711,9372,4460,9254,8567,4646,7617,9494,9414,4323,7212,5364,9957,9708,1083,6492,2411,6418,8262,9170,7953,6333,9162,104,2725,8161,9521,5594,5395,9055,1800,1781,224,2733,7118,6867,945,1738,9677,3027,9155,642,4038,1711,3318,9868,8988,413,3600,5808,6125,3168,4556,1350,7683,6818,2759,1841,178,9383,9553,3476,6021,7279,6852,9942,4315,6438,5842,859,1146,4742,2996,403,4109,5863,8801,11,3372,1914,7456,8258,2824,247,2069,4806,3943,515
"Site25",9424,1485,9446,3352,848,64,5739,3649,2244,5475,5833,7465,1940,2277,2699,5589,4106,2175,7745,7488,1950,986,1045,4535,7285,5988,3495,9558,2052,7524,432,64,2898,1519,7273,2170,2965,2147,6958,6353,9821,8997,8942,6323,2400,173,8679,2216,3698,7621,1503,481,8914,9365,4660,8186,1417,873,807,1053,6922,9965,5004,2687,8715,3254,153,5524,339,1960,6527,680,3230,3203,9614,7596,7962,4252,8743,8130,3762,3312,1779,2348,1729,9297,8226,9115,5950,7511,3662,486,4448,5723,4177,905,2105,7752,7639,7808
"Site26",2382,147,9110,2159,1386,8569,5227,1316,9247,978,4814,9490,7716,8407,3185,8201,7942,646,6489,1368,3662,705,1297,5216,6115,1763,6768,38,1682,4237,8670,291,4285,7228,3740,7882,2622,2339,1180,1892,6652,2240,6236,4649,5602,7672,5700,4872,3486,5563,5399,9430,2951,6960,2938,3724,6629,8989,9823,5287,2506,7485,4232,9594,1467,693,1430,6319,6972,6601,6480,3088,5814,377,913,7424,1855,9698,130,403,5722,8903,1978,1179,132,1763,8201,2205,8279,2847,2583,7927,6929,464,1922,7812,2433,31,6445,1959
"Site27",9038,5048,7846,7007,8669,9459,9399,3691,6251,2346,613,6273,8456,6197,8295,4189,222,8262,4981,7220,94,9437,3314,811,4162,104,2144,7254,193,6259,7510,2206,5063,704,745,436,7945,4361,6518,1805,1500,9503,880,5448,9416,9581,4093,36,1080,1744,5693,7205,2814,2253,7912,5595,2053,2469,2390,6569,6902,5641,8746,829,6319,4966,6793,1739,2752,3978,9665,5098,8654,6855,5947,6859,3543,7599,6239,387,7084,7573,9541,2324,573,9247,9921,7187,3996,5631,9921,5005,3303,4490,5264,2451,4800,8368,3135,7577
"Site28",3866,7813,1567,364,6804,7606,2177,8968,7664,4445,328,6947,3298,4482,1214,1803,9876,2090,5997,6927,781,774,568,8321,7759,251,762,1540,1705,9942,4866,3971,7742,8754,1870,1617,1335,1649,2977,5867,7547,7743,1884,5544,6292,9358,4686,6864,1653,4644,1221,6484,1983,8423,8977,877,8699,56,3764,6386,8683,6425,4258,2540,614,6696,7551,4828,2020,4186,464,4167,6995,7973,3265,2729,8254,753,3956,2451,8457,4516,7929,6357,6212,5021,5073,7050,5014,8860,3727,8295,4997,9658,146,4099,7474,6582,7942,6413
"Site29",8349,9561,2135,4650,6081,6500,2470,9852,2548,7849,7541,5616,9428,9451,3411,2382,8001,4428,5376,611,1361,3133,5774,5732,217,4021,3109,860,7715,2120,7373,6941,8752,4370,6760,6112,6785,9359,3116,1489,3873,3288,2732,2389,8604,9297,1059,8569,9526,2976,3221,2202,3207,2597,1293,869,8491,9212,4459,2230,8609,8403,4126,6836,48,3466,7478,7669,7915,4651,9510,351,492,1396,8031,8661,4078,2991,5687,8810,8931,3400,3403,4712,4140,6691,9192,8382,9970,8574,9141,4088,2239,346,7674,4861,3615,3968,9104,7289
"Site30",9046,7391,9682,7352,8427,1844,6723,1041,7160,3067,7141,5671,8029,3665,3291,2096,9883,2475,3565,828,4253,2038,2459,3949,4980,1935,5128,4603,4452,5544,5278,5020,822,3985,1319,8275,8618,6289,5505,9150,3290,6764,2324,2515,5587,3149,5747,8171,7781,6019,7285,47,2559,720,3985,3448,8310,4515,6620,8898,3585,8820,1465,970,1718,7075,4106,4489,5892,6510,4129,8274,7110,9099,2038,4998,4754,9053,8489,281,7436,7320,7561,4945,3475,331,1803,1687,82,1478,4538,9409,7828,4115,9104,9963,5621,7390,5387,3545
"Site31",8738,7101,958,655,9384,9301,2895,4559,6797,9694,5907,6960,8366,9689,8664,7350,764,7108,5302,6121,4652,550,1528,9622,6654,7169,9420,2307,8843,9101,5805,5013,1060,957,9941,1743,1706,6503,6597,8477,9618,8484,9193,7555,6381,66,6833,7068,4395,9917,3323,7858,2987,9111,7967,5162,3564,3791,3808,3022,7782,9358,3776,7458,2008,696,8960,8914,5302,3405,8382,5613,3801,4398,1849,5953,9296,9240,8377,8603,7809,6266,6074,9310,8183,6386,8341,6788,7750,9326,7245,9519,2343,4170,3562,6499,4465,3705,8309,7230
"Site32",2836,6395,9284,5252,5382,1551,9515,2900,818,8482,8043,2005,6139,7326,3349,897,2705,9109,9033,6863,1109,6467,4859,5754,1633,1670,4670,1273,8270,5357,8752,5032,4984,7766,924,7924,1611,8848,4267,7985,8390,5654,5764,8655,3581,4957,2134,9311,8325,9177,956,4069,1965,1767,1546,4140,8028,1275,4888,6900,6713,5756,4198,9345,8303,2942,2957,9242,4819,8015,7923,9638,9052,2984,8493,7198,3712,5176,3292,6705,2365,5150,8020,7818,4030,4462,1432,2465,8221,4990,9975,4630,9742,2422,526,4853,1193,8278,2708,3782
"Site33",335,9964,2248,8057,2689,3986,9938,402,3994,4739,6048,2501,2949,8729,3972,3462,397,9725,5401,8448,6279,742,8751,646,3669,9322,4174,880,9092,5763,4300,1181,3557,6118,5384,2827,5546,3719,1359,6359,5421,7228,1355,2069,8156,7709,5616,4002,5950,9986,5995,4595,683,9510,2800,4963,3125,1652,7282,6557,3202,1140,1648,3328,9755,8056,3320,4467,395,6928,8489,3497,5936,3717,6536,45,4674,9733,7695,6506,7656,627,4774,288,5044,4052,2001,7572,866,7386,4176,1600,6730,7976,1838,4710,589,8889,1507,1537
"Site34",3036,9878,4666,5621,5439,3596,3999,8963,6067,1308,4093,5713,403,5888,8238,6976,1859,9025,5098,2031,4474,2347,5693,2541,6017,9938,6814,417,5669,7008,4671,9947,7237,6603,8717,9629,1931,134,5922,1342,7348,848,6445,1441,2011,2845,6985,9314,6712,7102,8104,8496,206,2020,1398,4037,5265,5783,4540,3183,5056,709,7998,2578,5478,8366,6752,2456,5841,3452,2179,8462,6816,508,8628,2810,8484,4804,1376,8748,742,8478,438,4115,4258,3143,2960,3680,2560,2842,3351,7572,9509,5825,1792,2647,5569,9097,3167,4574
"Site35",4706,8972,2158,9119,774,5159,9279,8039,2714,7617,9667,3740,3622,6843,9235,4556,3708,6578,901,4229,3797,6751,3454,3833,9269,544,7181,2854,3282,2168,8075,2518,9273,7068,866,8105,5715,2345,4095,9942,5775,4967,5875,7632,3382,9563,6121,5258,3239,6861,8129,8009,1882,5883,3074,6087,9799,1029,3045,5086,5289,9136,4703,6028,187,4109,2138,2893,1931,2386,9773,8345,9955,5296,6566,5402,678,6284,3488,8978,6995,8993,5005,2309,3445,5943,4172,6560,6712,3142,7926,631,268,4912,1781,4887,4757,3582,3218,2785
"Site36",3491,97,6634,488,9602,3924,6398,7706,5092,3991,8101,6876,8000,4459,2699,8845,6765,8425,8210,5662,7981,9570,4950,2152,5,2130,2808,6073,3254,639,244,667,6663,562,541,3602,2575,2616,2711,3443,9563,6892,1351,1475,3832,2705,1899,8895,8552,9594,2837,2408,8258,1661,9152,9600,8006,3272,7067,3903,5358,2722,6401,5984,7203,5270,2975,8205,7418,6215,2648,4784,9209,5567,6025,9866,3201,5376,4456,705,3106,9127,6617,3994,5064,7270,7927,3602,396,4087,5150,1847,8899,9434,5661,9132,6082,1154,3884,4324
"Site37",7289,6304,9489,2508,1664,8478,12,8527,3587,9691,8220,5661,8136,3679,9931,4695,7185,8113,2694,8850,4889,7909,987,9958,5615,7385,2873,4563,1831,4106,9091,5029,1902,9660,1844,4489,848,2137,4919,7782,4509,4891,7968,3560,2548,3395,6359,1140,2350,4553,9857,5871,4668,3040,353,993,8878,1144,3045,5982,7257,2667,4494,7157,8489,1033,3934,7843,4729,7658,3685,1566,9191,8539,4011,4765,4854,7304,2741,8760,7586,5079,557,8082,1760,913,5857,1103,5243,6865,6336,9186,3973,5743,4488,4237,6442,2063,5447,3535
"Site38",8173,6978,8602,9257,7214,2438,4214,7233,7642,8742,4715,487,6827,1634,6047,42,3551,8953,5566,7530,555,8622,7531,2168,7205,5214,1400,8415,6488,8996,8160,8598,2883,8697,6343,605,5150,6583,1241,3048,7326,7771,6273,7506,1670,8803,5480,9592,8790,5314,252,1956,2796,7355,5416,220,2776,7175,1279,5760,6884,6961,165,5577,8197,3171,8100,4201,7132,4584,2968,1609,1107,725,6802,4027,5715,160,2732,3386,2659,7554,5808,5666,4862,3509,8875,1732,5609,3464,5109,2206,6949,2018,7408,8012,9648,3434,3448,2791
"Site39",2368,5785,5569,3436,2927,707,9661,9983,2130,4020,2843,5563,5229,4679,2047,4897,9090,365,6211,7395,4369,905,9302,9841,4091,6142,4623,7497,6663,7664,9581,2467,6687,1997,4236,9950,5936,592,6624,9515,8107,3785,2118,4606,3393,5156,1071,8221,1997,1679,2223,6008,2867,7727,4642,216,2341,7568,5435,1344,3260,5234,973,7956,7748,4091,5814,944,5369,742,5304,6853,3033,8175,1493,4051,4302,1545,6492,5581,2038,4486,6852,3546,4179,1610,4740,2632,4906,4469,7176,1865,7914,1845,2852,5912,1802,2661,2304,623
"Site40",3067,1303,2102,4348,1283,5000,5453,6624,5132,4297,3898,2977,6055,4447,7184,275,6481,7605,6058,9542,8223,1148,5272,8317,1130,370,5860,6947,3312,225,8552,2166,1894,8757,7251,4066,3827,5807,4747,805,5728,3656,8452,6122,7270,2394,7981,4380,6574,9734,5817,7597,9527,3635,5727,4514,8873,67,8335,6720,9030,6580,122,5523,3804,2574,1832,6646,1980,6697,7024,8529,4182,1564,6044,4706,4065,8443,2245,7624,8346,7270,5415,798,1980,8961,1400,6772,5357,3769,7233,152,1841,2816,9090,4403,6235,1139,6286,7871
"Site41",2239,2292,8027,7391,3111,3260,7886,1360,4700,2660,9801,2637,8584,4046,2876,4714,3554,7376,5242,4626,5100,7762,4067,6313,1322,8054,6168,2537,1317,2942,7909,5669,7379,6181,9143,9553,7925,9514,5341,770,6732,7168,3479,6494,3279,8078,923,9359,161,6693,4083,396,1503,3768,4098,329,996,4799,9204,9529,2111,7194,7827,7181,8687,9321,174,8730,3032,6231,2403,519,7530,4949,2219,186,6476,838,959,8903,8912,6462,34,7448,7351,3863,4675,817,3762,9525,9823,931,9937,3288,6630,5444,6097,9435,4071,8522
"Site42",9240,8180,9707,6656,859,8320,4676,2599,8320,9406,3686,6213,8276,3610,9624,7547,3122,1043,3356,9172,7785,2283,6578,1427,4878,594,824,2522,8690,1754,4940,8800,3049,5161,2579,9480,2724,8295,7457,8746,3304,6027,5954,2222,2913,4601,6604,2222,5308,5395,6593,8347,7000,6489,8193,1858,7512,7236,6066,6148,6313,4774,1597,7043,2682,2704,1735,6918,2840,2030,8133,274,6804,4047,8690,1890,5023,8471,7573,8685,8451,8424,7104,2686,3610,9820,4949,7489,5915,9824,4283,8559,4716,529,8660,1009,5813,7224,874,1118
"Site43",2053,1504,5036,5559,1555,7643,2036,6354,7872,1168,4653,8276,440,3696,4519,2615,1662,5947,1356,4584,9798,7294,6296,7743,464,1126,9867,4464,6784,1233,7949,6604,3272,4680,8629,1105,4411,6213,2217,7132,4487,3419,3742,6017,2409,6301,9022,8803,3030,4273,6181,450,7478,2606,1837,5713,3751,3606,1490,9062,8336,3355,9953,1888,6580,129,326,1707,4894,3030,3707,6999,4199,573,5203,3414,4608,7462,2607,2341,9953,9089,957,3293,3570,8442,6251,5345,6024,2659,6837,6619,1575,396,5622,372,5600,4105,8641,1822
"Site44",2022,9124,2094,2500,245,47,4063,7897,6502,1518,1432,9866,2370,2444,4995,670,4135,2591,6602,7943,5893,6800,6242,5671,5669,4344,9879,4399,3321,7985,6472,4246,4490,539,6719,9228,9970,4944,5239,3509,810,8809,6603,8544,3435,3147,4641,6336,932,4053,9518,3425,3694,3839,8706,4607,9268,6502,391,7295,8805,3339,2566,5288,822,9872,6047,2578,3324,3379,9553,6809,5345,1602,9776,585,1318,9437,4026,5385,3194,1058,8246,7197,6924,3366,1456,5124,9539,1001,3029,6153,1324,2627,2392,4514,909,2986,2677,8652
"Site45",2723,6816,2250,5411,2342,5514,1556,8321,1453,4441,8043,7360,8581,3791,3278,5022,6071,9397,8109,1632,7070,8749,9228,6356,8871,5110,5183,947,1384,8353,3823,7170,2942,1210,1707,8725,1578,5898,9002,9319,3726,5912,7863,3927,3101,3990,113,991,2996,7719,9843,3990,5445,8525,123,7046,8485,4554,5413,751,7057,670,7932,7052,4332,2693,5017,57,5797,1325,9528,2547,4177,4119,4491,4183,488,529,9044,3563,4054,2477,1252,1354,8173,9605,5462,8249,6392,4804,7794,9672,378,8719,9123,3076,3694,4278,2888,3606
"Site46",2223,8710,6093,130,9299,2023,7471,3161,7108,9960,3624,6747,318,224,618,5246,5365,9180,1610,1157,7188,3370,5530,1394,2896,9481,7826,650,3161,2842,5215,4620,3940,7502,5157,1336,9090,7886,6635,1714,399,1927,4,5196,1083,2765,4695,6635,349,9761,632,2607,1653,934,4655,8020,2328,8652,3407,6989,2180,6566,2841,625,5948,3139,8993,638,249,9745,6178,7829,7085,1550,7102,5417,5237,1072,5877,4312,8495,7250,6990,8652,3982,6060,9041,5499,4394,9244,1453,772,6088,1931,8738,3332,5674,4468,6065,1106
"Site47",2559,2882,5463,8657,8384,9170,7299,5969,1818,1585,3762,9886,1018,5898,1052,6326,3897,9562,1650,6723,3949,9825,319,1203,7830,5012,9646,7654,7454,8140,6354,8527,1120,7810,8664,1871,5472,446,1742,2660,6822,3313,3881,3519,813,8255,8730,1679,419,1198,3783,3984,5848,9639,2552,2143,4339,7326,6489,2293,6587,8419,9547,687,1360,8773,928,3611,522,1214,7006,5132,8979,4224,7388,4103,4262,2910,4996,4632,1445,8107,5445,5005,7678,1762,5514,4374,3941,7152,8585,361,2602,5156,1974,8449,6810,4377,6256,1738
"Site48",1924,408,5838,8576,5120,6342,8972,9636,1668,2498,124,7738,1667,3514,2169,7974,5213,4019,1991,1996,7057,4059,1014,718,4945,1722,4487,9013,1942,7399,4837,6397,1311,496,4362,5543,2202,9036,8929,6658,6864,8000,2862,2479,2671,9050,3767,650,5347,4249,6654,4794,4984,5488,4522,3403,261,3231,880,1215,5385,4562,9062,1769,2792,4048,9659,6412,5561,4626,3652,3001,3327,1691,1435,6605,9070,9278,9520,5579,4673,5877,3496,6689,5598,3168,2124,9950,6581,6454,6921,1796,9474,4417,2768,1963,4379,3955,9597,1090
"Site49",2034,1007,2991,9753,6005,7767,3411,483,7882,3142,9709,3342,1502,3152,1942,5914,1141,6705,4901,4139,711,1391,9019,6411,6401,7371,3778,1156,8655,5370,9566,3972,6843,2175,9859,4404,1293,92,8236,8060,9452,8388,2297,4121,7335,8771,1033,2714,9644,8314,6160,5329,4975,5483,1088,6977,7270,7936,6472,5343,2669,4826,5984,3131,3005,1716,803,166,3971,8035,5932,778,1237,2648,7858,8432,6603,259,3144,2823,4077,7563,4876,8575,7638,7833,1439,5171,7261,6841,2316,6534,6940,8049,2515,1674,5410,9908,7482,7663
"Site50",6530,2861,5819,4247,1305,6928,2028,2932,9758,6158,7387,4040,3370,7068,2633,5676,9637,6960,8332,3268,104,8466,4651,6872,1005,288,8135,5843,6982,7549,4640,3561,7400,1885,3887,4959,4126,790,9062,1705,2508,7499,5831,7897,7921,3607,2891,132,5832,3218,7531,163,5805,830,1569,4419,7689,8289,4884,7387,6908,1772,8109,6824,1063,9819,8432,9476,3060,835,3717,1264,5177,4257,7159,3054,879,165,8829,6291,2068,5562,7102,7518,8296,9128,7346,1762,2888,123,2853,2468,9226,2133,1725,635,1705,9418,5376,2693
"Site51",124,9865,1763,5524,3404,9851,6264,4801,2338,1137,3454,4993,1408,398,6169,1606,2443,3789,1362,9982,822,5081,800,2947,7869,8901,6436,759,6970,4766,8327,3589,8873,4814,5743,765,1213,4170,7255,6633,8315,7092,7266,1385,1188,8826,279,3522,8893,9570,9822,2145,241,3285,7362,4240,2166,7142,8467,2772,9008,3922,8855,9313,6476,5149,4973,1048,3133,4592,8823,1042,7118,7384,8674,6265,6672,2099,3785,2363,3087,9340,9496,7292,7275,5949,3131,9971,9726,8225,8047,6504,722,6237,9426,1033,341,5152,3858,6085
"Site52",6127,7416,5541,6753,5049,628,8948,3622,5192,5669,5527,1679,2637,7657,747,9860,2182,541,600,5610,6181,1041,6377,4314,8249,7293,3235,5120,169,6516,9928,3290,3941,4355,6563,7122,7960,2693,9089,6337,813,5368,9514,675,3645,4251,8655,7014,5284,9427,2739,9519,8689,6220,2762,5596,3117,2168,6489,9017,9397,8458,143,1292,7243,2189,8431,4078,4711,6097,2228,9006,3421,262,1754,2031,9893,2808,1043,6073,8271,6115,9479,1003,5391,3940,2859,5589,7521,3542,6564,5366,7371,8791,7572,9299,7118,3776,2298,7516
"Site53",6821,3902,3011,6466,122,2683,2393,3771,1081,4621,8319,5486,1198,6486,9851,9220,3080,1074,4452,4194,8823,3858,6632,1393,8874,2525,364,2222,3757,2965,5011,4052,422,6463,6544,9907,2902,514,345,9838,9179,2116,5105,6113,8336,6020,4408,9906,651,7465,2563,4350,1893,3121,9736,9349,8334,9603,5583,6336,4342,9777,56,4381,5113,7075,1307,3965,9624,8884,1704,2214,8743,8547,9048,1248,9162,8613,9101,8005,433,3456,3652,6313,1807,8458,1133,1711,8895,2182,5741,8675,489,5388,128,1946,7936,7882,8516,5102
"Site54",3522,1095,563,2926,5188,1662,6011,1208,4508,9556,2477,7142,1363,7787,8662,3584,2971,5070,5107,5066,7805,7572,995,5765,4251,9126,9023,1429,6433,3086,3763,9899,155,8463,4135,3141,1746,4894,7069,6762,5398,4203,2705,1427,7951,788,2105,3027,9527,2128,4209,2031,349,112,6481,177,5917,5154,4867,2426,2976,243,8191,6510,8346,2388,1391,1237,9279,2517,7109,7454,1973,9926,7419,5912,1382,4262,9592,9329,6448,233,3408,2704,5917,1089,7610,5710,9401,1714,9047,6467,4185,841,4526,9417,8361,1724,7423,4814
"Site55",3511,9929,9275,6499,1601,275,3171,7706,7042,9809,7673,984,2099,3547,8870,479,1482,8377,8625,6001,622,8296,6337,5773,5020,8679,1390,5697,4367,7934,44,4362,7350,1177,2067,6611,7764,5944,9902,3219,7264,3814,7321,4007,7631,2231,9557,1392,667,3007,517,8111,6338,7960,3691,2131,9623,8391,4714,9714,7391,363,8848,8467,8103,7310,2382,4072,549,3662,9210,2997,2858,8317,5442,9615,5432,6959,3225,2209,4344,5351,9692,8052,3078,2772,5349,6063,9070,8829,8993,6932,4966,4458,7819,4693,9771,1175,5771,6588
"Site56",8348,130,3709,57,2068,3586,3480,3266,5963,9390,7675,680,2976,5661,3866,5437,396,3556,5756,7691,4901,3396,3741,9210,3794,7971,2042,2692,696,9124,9679,7784,70,2692,3146,8014,1728,8411,15,7879,9694,3647,6645,6298,2981,3575,7345,9361,7634,6331,857,8976,2783,9451,6986,4253,4781,9066,5672,5774,2007,9158,7992,5665,7002,890,8288,8943,148,6483,7363,6642,3923,1324,1042,1395,9171,927,4411,9622,2845,4933,9160,3339,1827,5233,1656,6827,4723,7321,3923,7295,8378,9291,2254,8574,5744,7774,2482,9279
"Site57",9861,9158,9987,4173,7822,7865,2219,1060,6944,4276,3007,7951,8239,8531,9505,6874,6125,4881,5172,2326,2793,5026,8301,2729,3889,9001,9944,2502,5955,5305,4113,6294,7339,9353,8772,6714,2080,9241,904,4875,8333,1754,7724,1363,4351,718,8039,6671,5118,5721,7142,7661,1493,7308,7113,2478,4646,2113,1249,5390,7351,3879,5353,884,860,1229,6052,7221,9997,9353,9272,6164,1143,1148,1772,3847,1069,740,2527,6935,556,6446,861,9468,5120,9909,6754,1961,9768,5109,9796,9253,5713,8422,2571,6649,7633,7371,1064,1806
"Site58",3299,6740,3877,5781,1258,3477,4818,8912,125,7353,5254,6357,5098,5338,2736,5328,7461,5301,9611,1822,7125,713,6159,8928,9945,4087,5090,846,9362,999,502,9730,8668,1832,8306,8784,236,5087,994,8778,9791,1043,2921,468,4677,7017,2123,689,3744,819,4035,8460,2895,2002,3387,4317,603,7566,5972,2680,1142,9738,9140,9477,1779,6680,8100,4507,8059,7530,5370,8122,4610,3053,4042,7477,7751,9260,6572,4306,2666,5240,6167,1814,9934,9167,1420,5095,3566,1616,3197,6207,1793,3025,6310,1971,9531,9664,1091,1865
"Site59",5722,3308,5690,3531,521,9348,590,1260,9476,526,6222,5179,2977,3748,4932,6692,440,7176,2964,2028,9436,9868,3106,5676,7297,5082,9481,4518,730,9860,8440,6938,1319,9170,2458,5942,2052,669,6693,505,6897,2884,506,393,4215,7051,9213,5769,6126,9098,2424,1072,4364,475,7676,2512,8848,7856,2062,8283,6606,4665,6230,630,1847,502,5834,6679,5428,7002,8475,4861,8917,1660,357,9618,2067,3824,2525,9648,4615,3200,8948,8999,5133,7531,4369,5914,9311,3879,3210,9304,9347,6285,8557,7879,2562,43,2917,8466
"Site60",136,6501,6967,3445,1425,336,8932,1661,8616,1883,7734,5276,4633,4319,9286,9102,2588,1054,3095,3947,6510,6327,77,4409,7716,5329,1517,1327,7091,8401,6161,7421,591,5305,6727,6203,8557,9471,3347,3259,7523,7670,4451,688,3131,5641,4929,1748,1441,7996,863,6604,7641,6546,2214,48,7388,2950,5997,3680,6048,7037,7721,9171,7966,8030,8593,1868,7965,3800,7399,6020,705,8194,930,7435,6603,5449,8734,2417,2024,7873,8910,8950,3336,702,6081,5290,2282,8117,4150,4380,6003,7223,9777,9826,2739,3368,7491,8493
"Site61",3645,3087,5428,3089,4939,2519,2325,2868,5247,1161,4777,2520,3134,3388,6526,2358,7931,1395,4320,2090,7755,4623,7395,8932,5344,7910,2408,1238,7057,5390,1338,2991,9848,6101,1867,6002,5659,8219,509,1560,6021,7337,2178,75,6676,6754,4166,1713,664,7788,5164,215,2482,9096,5341,9107,9009,522,2256,7330,4777,6384,8634,3111,661,4843,2238,5930,9017,5229,8594,3727,4516,8060,7662,1942,819,7018,1496,7949,1267,6022,5407,7742,6723,512,1250,7843,7822,6998,8525,5310,9627,8237,890,992,7747,5595,8991,4075
"Site62",8051,3069,6903,2750,1558,7025,8368,3212,4138,3119,3198,1797,9451,3982,5837,4439,1796,8769,5253,8031,7765,7852,1019,7669,9272,5878,760,4933,9089,8054,25,1960,8332,9204,4213,7453,1201,322,9773,6316,8985,1714,9061,4993,2292,158,6520,5621,541,2228,8494,5092,4764,9299,9602,5921,1786,2821,977,6135,8539,1343,3953,4408,9284,8700,610,3681,9581,416,6327,4908,6751,9876,8458,2619,8100,1358,6809,7757,2863,4328,9167,3627,814,7907,7947,7005,2543,196,2840,1441,2787,22,6904,7950,3793,9132,456,5457
"Site63",851,4573,9246,1590,9088,7096,8861,4587,6917,7449,6963,8805,1787,5320,3918,5930,6468,9116,8868,9227,7770,4178,8294,5025,3035,9387,8019,9366,6539,7854,7289,4202,8790,172,4135,6184,9965,3879,3893,9860,2091,3122,362,1005,8441,83,342,6052,2060,3415,5864,861,141,8654,8429,8489,3551,1516,4914,5063,4577,3025,7175,911,7680,6993,2488,1971,7020,7423,1224,5372,8579,6975,6330,4964,8662,3797,1232,9026,3157,4577,3265,4114,9740,5495,2213,7789,569,5863,4765,523,3963,2482,8552,5584,1180,6189,1718,546
"Site64",4110,2034,3267,5406,3239,8597,3891,8125,4962,5944,2851,6329,5308,5458,7790,7847,7579,4369,7105,3470,8372,842,3032,7374,8724,2165,7668,5365,8450,1924,5753,7940,5067,8121,4640,5688,8096,6313,4653,3699,5971,490,50,345,4986,4585,1316,8012,4422,4115,6402,6813,4059,1886,3580,374,8637,4824,1628,9047,9600,7516,5567,5028,5182,1584,6354,6425,9787,5893,5336,9223,6392,89,6024,8059,464,6391,6413,7155,6755,6981,4430,1732,2837,3676,808,4613,8832,7171,9662,4209,2587,5521,6419,9349,9583,4997,6678,4498
"Site65",3032,3738,8169,2084,7589,7177,3068,6076,2458,7733,1129,9667,322,2178,8130,4312,2174,1570,6898,8846,4389,4294,5321,4384,3722,3292,2492,531,6704,210,7824,6153,7112,5949,7248,26,2881,4900,7382,1689,655,6446,1093,2249,7276,8410,7278,4724,4894,4179,6598,8017,2865,3406,7499,6955,3924,1304,898,6816,3887,7928,3258,7229,4454,9203,2420,4049,733,2281,9940,4780,5027,601,6703,3734,3610,9802,8733,3938,775,3446,5587,6202,4639,7031,3073,8600,4530,6619,4111,6191,3226,975,1746,4067,6187,4782,5275,7458
"Site66",9855,5786,6389,8140,6099,7573,6877,3053,2243,1936,724,2665,8843,9968,4510,2322,3860,2543,2109,7946,9862,5744,17,8498,8238,2407,855,2175,7674,3260,6252,5325,8036,3679,2700,999,7994,2177,6677,684,4377,2947,3967,398,9604,4975,5439,791,8107,445,6726,3736,8527,6614,6499,1900,1263,9363,23,704,4133,8388,6495,1062,8179,3829,9639,2340,7558,3444,7371,3155,2104,1897,1915,9791,148,7842,5651,8939,5172,9241,6817,593,9380,9457,5268,2593,3465,5006,2470,8241,2203,6211,4951,7824,9191,6250,9530,165
"Site67",7791,665,1842,2657,2610,6538,836,654,9128,6349,8039,5782,3020,6946,7710,2660,3053,6605,3358,210,1260,8504,9545,4335,7057,876,8366,3069,9141,3923,2603,2563,9980,7350,8124,3546,9717,5476,1788,6375,5660,9034,2529,1361,5228,1473,4198,7239,1410,623,3252,3812,8486,4952,355,1913,219,8956,454,2311,4116,2679,9461,8596,3856,9694,4995,3513,9073,7064,8662,1246,4591,388,2325,9512,5340,1211,5283,3943,2805,3323,5060,132,529,495,6808,4499,4927,4635,3455,223,7971,5882,6218,6100,6663,8195,8406,91
"Site68",3299,5117,5872,3561,6924,1545,6034,4913,556,6607,4007,4470,1588,6062,1509,8600,5429,9210,1197,5975,207,188,2684,2969,9242,145,2142,718,8930,7170,2343,1796,8643,6101,4803,7571,9099,5129,7659,3719,4211,4962,2355,7665,2627,4030,7783,9177,6688,6820,5044,6083,7232,4183,3824,3586,1613,7332,4980,2420,9126,1504,256,3994,3528,1821,8295,2345,2735,2235,6961,4111,1550,3547,2655,629,3303,9369,7564,5311,724,3232,3700,468,2862,898,1192,9368,2278,8231,8716,8333,2434,90,8779,2854,4653,9030,1347,5976
"Site69",171,5536,3153,1792,2406,8634,6232,1498,1387,6024,7125,3392,2461,751,4114,7591,7137,4230,9316,1010,434,4515,6029,507,4940,1176,2118,2972,4527,2528,7086,9516,7830,2177,3688,9938,3370,383,9740,8850,94,5434,7108,3988,3650,975,4939,8216,1963,6420,5648,8422,1549,953,3057,9869,2038,6184,6498,6274,3028,4892,7627,6485,3786,7262,6221,7471,6959,3361,2906,716,2801,6412,2323,5452,6876,5525,8431,2855,1983,6265,4549,8203,2152,2599,7812,6812,8950,837,2976,5558,8812,9653,617,5736,606,6385,4623,3547
"Site70",6434,8794,6867,6632,8200,2292,9830,7685,6565,9295,819,8778,3778,4450,5610,2892,2386,6812,5448,9697,9914,9521,2977,1256,2988,9752,3458,4075,1175,6634,9223,7466,3670,4591,9240,1943,2561,6926,68,7374,9049,6748,9250,6183,5600,5830,2550,9598,8968,1066,2074,8411,1909,6190,5541,1929,8140,3649,9630,5198,5609,4234,7183,7699,5332,4744,1082,184,5982,2408,9172,378,6770,3960,4900,7098,5365,3665,54,9031,7280,2069,5414,3310,6607,7369,3565,3222,3524,7348,8951,9732,9751,5059,3178,1441,4733,7617,4637,8343
"Site71",5776,9035,701,8494,5023,6380,2502,4530,7241,3759,1297,2144,9924,4230,8166,4437,9738,457,2555,9559,2160,3565,2238,566,3294,4147,9740,4689,4166,2084,9410,1739,4134,9689,5646,1,5189,1899,5034,4164,2710,8579,2207,1861,3985,1370,1163,4246,5781,4380,6398,324,7046,8046,9081,2334,2958,8845,5446,2445,7298,5025,862,6391,379,3920,4325,6728,2003,498,2617,120,5095,7667,1300,3694,586,6561,1834,426,5888,2412,815,7712,6300,406,3648,83,9263,8797,7844,6075,107,4784,4419,2205,4165,7378,6744,811
"Site72",4201,5359,4857,5548,4175,1256,4606,3704,9987,9951,6052,1736,7850,6925,1576,9382,2440,6185,3743,6221,2405,4184,1505,2815,8089,1031,7344,9793,6530,442,3304,6043,1902,473,5361,3130,3908,1996,1453,8016,4527,816,1312,4,7008,1708,3996,9785,794,10,2790,6455,6722,2946,2920,2991,1900,1585,1552,297,4391,4483,1599,5440,3467,8238,256,4057,5814,1883,9745,8638,4630,2907,5948,9611,1958,8931,8980,806,9658,7788,8154,7974,4182,3527,263,4555,2795,1948,2520,7462,2546,1326,3794,4103,7036,4062,7899,1157
"Site73",6908,9060,1216,6444,2019,4077,1796,8758,5812,929,8920,8131,5106,832,3744,1569,4784,1639,9639,4864,7853,9241,193,8402,2756,4640,1283,4346,2846,4126,7406,8935,7996,8802,4289,3050,3729,8532,9225,9512,1220,2595,8654,4749,9322,1894,9112,4084,429,4452,4795,4028,8264,5999,4274,4466,8171,4296,7008,1958,4809,5128,1584,4465,6220,4893,9624,1913,9117,6948,6853,3527,1325,6582,732,1927,6357,7661,2069,1946,6638,8285,4886,7370,6076,5777,4088,6332,1175,6123,8784,1553,1374,5573,5639,6604,5845,1951,7597,4178
"Site74",1520,7123,5314,344,4545,6275,5149,9805,3894,7228,6815,5873,4046,2888,7690,1723,9069,6247,8968,858,8267,4803,5081,8028,2919,5203,2240,660,4947,9304,9540,3834,9233,7032,6338,295,4064,7450,3278,7047,229,9579,4721,4998,4315,9340,4784,3144,8111,5589,8237,7150,9319,470,7222,865,6460,8111,4372,1528,8090,7673,975,5007,9870,981,4263,3697,292,7328,6780,4806,1064,3615,3983,614,585,3809,9628,5311,8278,124,9386,1275,5801,866,4051,7542,4357,1933,1628,6842,8752,242,4315,3864,3521,967,8057,4684
"Site75",8229,3383,2427,7814,4778,5101,6060,3529,1386,5892,5266,1103,8696,8914,3628,2096,6778,8433,3923,8464,802,3812,8043,9332,6630,5135,2080,4237,5538,976,3502,5350,1754,3682,1355,9727,2264,1695,3422,5775,6556,453,2324,6555,5444,104,6827,1444,4451,5961,9438,7931,8902,3380,4719,5630,3675,780,3180,6306,1358,5771,5006,2069,1120,7923,9345,2307,2170,9772,8436,1472,2915,8954,4169,6677,949,2610,1514,452,7789,7516,3156,1907,9050,1925,7147,7332,4858,4378,1887,1584,5361,9227,5172,742,4488,1106,5278,1133
"Site76",5381,7805,8235,1337,8422,8005,1968,6285,739,5561,5522,4577,7925,5892,8731,3221,1666,2433,5260,872,2897,6488,3350,3888,7317,2138,1797,7321,4415,5334,1605,7961,6547,7516,6008,3856,3729,6254,1827,2438,3818,285,9021,1912,950,1072,9239,374,6595,2192,696,6583,652,6582,7034,7505,2237,5140,5600,2773,9764,3200,1528,503,1342,6605,2828,3753,9116,775,6359,5950,11,1046,7385,7056,8268,2762,5222,496,2976,4814,1227,162,5976,5662,270,7566,2339,3241,3423,8398,2036,2297,5059,7186,5873,7745,8729,2117
"Site77",8307,8800,3544,5542,5094,3285,3113,8181,3739,6496,1718,5093,6947,7765,7402,909,8466,5746,2770,183,7797,5473,6887,5925,9901,8505,4591,3955,6697,4285,1434,2386,9615,4856,5489,1913,1392,6155,6183,6663,2672,9896,5091,8150,6681,1074,8350,6340,3565,7733,3044,6873,3145,6573,1098,3932,5033,3822,1049,4304,8250,3918,6464,9307,2832,2339,9120,5256,2248,5712,5595,9167,1226,9251,8007,7378,1783,8288,212,3549,3601,4876,2547,8692,9356,586,9825,448,6931,4695,1258,4095,5813,8870,6946,5782,1335,8257,1749,7437
"Site78",9260,413,6498,1101,7724,4054,5889,4575,6301,4393,9717,9257,3287,6731,5516,1100,9171,5414,7697,8134,2076,4998,6093,6421,315,3871,3936,9273,1157,413,9412,7969,8368,9499,1590,5118,1079,3079,7076,1979,5723,9786,4622,9916,6145,491,2925,2131,7805,1202,9014,7948,2446,45,5693,3430,5469,4266,6676,7409,659,9867,9799,2879,9314,3638,1560,6601,1086,8694,5362,5972,1962,3479,1969,4683,8954,8537,2350,8709,9675,4848,1708,5065,7078,9412,3558,9846,4726,5112,5179,6099,7832,9824,3274,7813,1002,2489,1335,2117
"Site79",3056,7401,9918,34,4319,3236,1305,3855,1410,9750,8376,173,2099,2291,6772,7473,7979,4668,5170,9254,3254,8188,3238,6644,9907,2776,4023,8142,3475,1685,5220,4140,1683,4378,6753,2822,4552,8492,8921,8805,3261,1120,7139,6999,3880,4819,6318,7496,1362,4459,1496,9249,7721,674,2815,9819,6509,152,1880,9971,8507,1880,5240,6400,902,2700,7502,4745,6994,4529,5117,1467,7166,7920,4741,891,8731,5837,2741,3587,2125,3559,7483,5153,1169,6005,2927,1333,7855,9060,4344,7392,6631,7986,5300,849,3899,8885,7890,4175
"Site80",50,2752,1520,4721,5169,1164,345,4541,5762,2695,7220,5625,9507,9328,7829,866,1574,4509,9640,6681,314,5153,6883,5399,5023,5256,5833,3653,9991,9036,4499,2326,4079,5609,4170,2945,4636,1440,6413,1182,805,1942,8755,1596,13,2804,4630,2879,1616,4450,2895,2656,8585,9574,6364,1590,6252,9018,3205,7951,2,2753,6298,8807,7779,2960,2817,9432,6370,2634,6117,4322,4709,2037,7493,9184,4086,5464,8091,7406,8184,5775,4198,1471,3973,9360,4693,7884,8105,2679,797,1005,8915,1018,1645,6029,2572,1531,6440,2650
"Site81",1503,891,8141,8218,5143,3772,1373,3511,8213,275,3406,2423,7532,3471,4826,9465,2197,9947,2480,2181,4330,4926,1889,7264,5410,1057,4049,1215,4507,7815,6845,1477,1144,5996,9820,2365,2012,6020,9674,3496,7068,7768,4525,5372,6107,3618,9142,6046,7089,5310,5734,8605,3440,6116,9998,5797,9536,1434,413,2285,4205,4240,2871,4163,9116,5008,9922,610,2480,6556,6714,2411,3005,7277,6310,6758,7143,1043,1905,4595,2091,8493,3196,3456,7781,8642,3376,7700,7411,5425,5793,1695,7014,7157,6171,4109,3834,8175,4718,3518
"Site82",8631,2402,1106,8589,2283,8614,9614,1288,9966,8801,2592,8456,9029,3014,4304,5878,2402,9094,4363,4381,2275,6449,1493,4756,6899,682,3399,2701,2842,3366,1236,865,2304,9394,159,3313,4160,8996,3783,1180,7082,1228,812,5837,1348,8783,8879,1267,7804,5937,1575,6901,6095,754,6603,4182,4160,7632,5876,1606,9675,765,2758,70,1331,2832,1870,7792,8207,3692,1677,4104,8480,2525,1745,3682,4138,765,2733,5383,2194,5528,2049,7159,1700,5576,4028,7798,8288,8442,2255,4969,4149,2157,259,1064,9683,508,8122,5048
"Site83",8726,6414,6836,5752,7340,9927,618,8120,7723,3510,7462,3979,7178,5000,5242,5768,1273,2141,2202,1741,3651,3518,9359,8569,5956,3594,8043,2016,8954,7392,5533,655,6082,8341,2848,9732,2011,3399,8794,6871,9171,497,115,6099,229,7374,7100,2125,4693,5671,2931,2585,5661,7391,4658,7108,9344,9564,9778,5661,5873,935,5011,282,4123,7605,2157,3862,1317,4069,4897,3171,4318,6500,2736,4450,1247,6758,5615,8502,5733,1678,8431,6104,7540,5964,5952,9098,3664,3047,8222,6046,1543,782,254,165,8901,5814,2142,5236
"Site84",7742,1735,3884,6096,1155,7148,4284,333,2299,3783,8196,8377,1492,7184,3129,5801,9933,4138,494,9738,4842,7775,7988,7565,5549,2085,2927,6609,385,9756,3199,9804,4766,3277,338,8870,3155,894,823,6361,7827,7601,1070,3557,1009,9506,7946,544,9125,7035,6874,3234,5520,4408,5806,4247,647,8177,1213,195,8421,3441,9481,1185,9983,9553,6518,3064,5405,4680,2675,5956,3145,8859,4556,5485,8058,7666,8354,8699,8785,8830,8318,7253,2882,6285,8936,5988,2422,3156,5043,5661,9545,967,8301,4494,8975,9993,1616,8022
"Site85",5941,7336,1916,3203,539,4288,4282,5333,993,2080,7400,6248,4943,2319,6261,6032,3899,6059,9281,4326,291,1070,6965,4763,2455,5109,5173,7564,3189,2940,8837,2873,1779,6761,5519,5243,945,2188,6711,32,8098,9774,9526,1364,6227,8322,3508,9183,1841,4377,2596,8391,4497,6154,4345,6450,9464,7596,8391,2157,8451,6492,366,4843,2872,9379,9105,5330,170,1195,3810,3254,9197,8503,997,5919,9803,1971,9885,7748,7496,5942,4426,8293,3296,407,8676,9088,3425,2384,9053,5720,4601,4735,3504,3735,183,2906,1721,5367
"Site86",4368,9526,7624,297,8980,7724,805,5611,5978,5436,6198,5033,1625,8561,960,4972,7966,2837,9016,3848,8676,2356,8230,2028,4752,8477,7132,7287,5119,9427,5780,663,1679,7714,739,8285,1839,3611,446,872,3259,7201,4905,9563,868,7115,167,4499,6705,9649,2821,441,8040,9499,738,8157,6630,7116,318,7906,6357,8123,773,1450,2719,5640,5852,3806,9710,3778,7289,8217,9709,5962,7827,7360,5214,360,6391,570,7158,4847,6626,5682,1436,2564,7281,4505,6258,2599,6687,7680,733,6195,3969,7081,7418,2431,5342,1540
"Site87",2552,4712,8661,4250,9448,6161,5002,8844,4501,9147,9178,1511,3308,2926,1750,6950,5144,8834,6561,161,2410,5579,3502,8706,6490,8091,5661,1733,1092,8654,4404,6787,6641,3825,5017,1456,3763,291,4425,5667,5530,921,8646,2267,6414,8427,1793,7955,5168,7261,3776,6783,8931,6416,2733,7546,6759,2584,8124,1611,9686,7111,1176,1271,7774,4669,9924,4802,6753,2063,4565,4243,2389,1225,6524,9268,5814,6799,6448,3704,4957,1098,3802,1593,7438,1383,3954,2030,2438,8311,3651,5010,7268,5273,4180,4930,4702,5477,6838,3555
"Site88",7918,349,7687,3547,9142,9545,6241,8867,541,4717,5610,309,4656,9135,8381,7880,4527,2849,2252,3389,6751,5581,807,1721,7187,3788,1816,5997,7013,4914,9233,5196,3407,1212,2485,4002,3127,7343,3737,3313,2322,2831,7930,1936,8241,4505,6895,1142,1346,9699,2474,4835,669,1053,4530,9532,232,8037,396,7093,2469,834,1666,5037,3183,7576,4282,3829,670,964,9396,2523,8238,6827,4298,9431,6100,6434,5773,852,4810,4151,6159,5335,7681,7229,8354,1232,1749,31,4386,5155,3989,3140,4531,18,2431,6951,3913,889
"Site89",5719,5050,4167,4778,3956,9802,4086,3308,5961,5381,4789,4942,7298,7353,7205,9420,3760,4719,3868,4275,2774,9344,868,5374,9400,1461,2744,2979,8389,1160,9783,2399,8553,5673,5494,2670,1628,3969,4055,1567,1889,6642,4307,4605,5248,7414,4175,4770,2844,3553,1300,5886,4100,6162,993,8791,4083,2354,9515,7480,7597,3422,1598,4636,7589,1073,9766,6925,4313,8384,2344,2277,2862,7613,4520,3844,9743,7561,9924,3808,2755,3555,6579,4597,8395,236,5762,4353,7587,2975,3719,8653,9444,7788,7460,5171,6502,9680,5090,3567
"Site90",3859,3843,9432,2418,9609,576,6755,3663,266,5173,3457,1427,5773,3997,9723,6434,9182,6456,3676,8768,2888,3540,2211,3610,6189,5353,7386,547,9394,3414,5953,9668,4735,7319,2385,8329,5343,126,7983,7248,3582,4720,3371,8845,8050,2198,838,3501,8477,6442,5337,9779,9206,1712,908,7022,1321,9527,4455,2776,657,7121,8020,9493,2243,5209,7766,8016,3812,1020,3221,403,485,8883,5257,6863,4744,5174,4892,2543,5354,3208,1303,7772,6525,9193,395,3589,8409,496,1087,903,3596,5336,7162,7288,1442,8760,9155,6014
"Site91",9429,5237,5930,7485,6595,6866,793,1363,3522,8766,9867,7696,3191,576,6184,4357,2585,5436,9745,6935,9883,6710,4226,1538,1070,8867,9702,3938,7632,7721,2802,9206,5380,4800,9743,656,9342,9009,2026,4758,2113,7508,6683,1053,1326,3781,7981,2334,8503,3170,9178,2394,2421,9534,4932,9908,8397,520,6132,2271,989,6262,7949,4477,8415,2968,3494,8725,1522,2389,5545,9851,4973,8808,5643,6552,6551,3999,2368,3349,1962,5859,9390,7337,7140,4996,8300,8986,7829,1410,2983,5460,8610,9403,9996,2991,4569,6457,5254,9921
"Site92",8677,6201,6749,7489,717,3929,7887,9315,7220,7304,8422,8490,720,9975,609,9262,230,3924,9743,7357,1177,345,9687,4072,6267,5136,6514,8104,5129,3225,2218,7868,255,2843,5825,8698,347,9364,658,9383,1166,2931,485,5212,765,8776,4958,2871,3155,5160,8925,153,5954,3931,1848,4977,176,2803,1338,2761,6764,6851,3039,5106,4094,5788,9053,9376,4379,3022,5211,6219,7377,9346,224,1885,7312,5035,5525,4284,8430,4895,4974,1876,6218,3816,2276,236,4113,5447,2719,2734,6450,3444,5316,9799,8875,273,2898,1013
"Site93",4841,147,399,1584,9374,3697,9743,8859,6968,5453,4124,526,6690,1688,833,7665,1549,5230,9727,1077,5532,9918,2885,431,9377,4604,7815,9412,3100,3583,1161,7541,3035,4781,6772,1821,9859,7070,3232,7401,127,3268,5611,7888,5410,1410,7847,3664,7104,822,3596,854,6924,1573,541,1638,2208,1579,3587,888,6348,2170,7026,2328,9633,5064,7676,6837,1103,6232,5120,7911,3629,9170,379,6217,3470,9857,3862,5162,4813,2812,2471,1779,2586,7536,3673,380,5625,6100,3822,5881,5002,2695,1860,6225,4117,618,4850,587
"Site94",839,3567,185,9390,3515,7524,1210,6449,180,8812,6496,7143,2275,9945,8275,2042,9120,5351,4705,4233,7625,3695,5133,8275,5812,4633,6875,3043,4063,5137,4022,2449,5081,2728,1924,5753,3200,913,8032,7726,1514,5226,873,3917,9121,909,7857,9529,5995,6562,4902,4088,3101,2547,9266,8257,5754,8801,5605,4825,1373,1371,5220,9725,8366,3227,3575,9477,6872,6058,43,4120,7627,3641,7047,3358,3539,3267,7921,1708,4865,8608,1014,1712,2442,5749,983,3594,2107,1774,7603,5054,257,2023,8695,1034,7874,3006,2302,5422
"Site95",4459,4587,2056,1950,6672,1359,5962,8863,6399,736,5403,8119,1473,6598,331,6468,3529,6975,2191,773,1321,2439,3056,7087,8537,90,7526,6391,5061,2023,5418,2110,2131,2232,3648,9657,952,1297,4610,4702,8804,1735,9034,7488,1771,11,8081,5056,6157,335,6234,7338,5397,7105,2648,6305,4108,6561,8869,2074,6603,3300,8923,8580,991,2963,9319,3533,7553,7676,2690,894,4462,302,5857,3206,6179,6845,9428,3427,4066,73,6512,7604,1999,8162,1841,6282,3627,2901,4660,584,3545,7192,2565,2358,7258,547,3360,5262
"Site96",7841,4867,5924,3559,6376,9635,6525,6498,6882,2088,9138,9037,5753,7299,2324,1951,6889,1117,8975,4110,5552,4790,518,7548,4837,5405,8678,7003,7591,5522,6196,7897,2551,5795,2211,2753,1281,5096,2346,6371,3996,9533,7301,7186,4581,8006,1955,694,8817,4192,6813,229,530,8248,2526,3524,4191,8409,6898,6541,9978,3389,5119,4768,9717,7495,2155,7725,4773,6878,9513,8606,9706,2562,1592,7986,5752,9436,7943,4647,7991,533,3808,6145,1997,8874,7833,6331,2321,3395,9885,2634,8411,5215,152,2628,4923,2164,857,1023
"Site97",6858,9920,8608,3009,8431,41,6180,2609,9905,6417,1910,8676,2114,6728,5454,9034,9505,695,3548,1308,8245,4439,521,5415,3612,9590,6753,2331,4011,2154,1886,5480,9346,365,273,4485,345,6990,6655,1171,8422,4863,5684,545,8734,4684,7708,3044,1884,7247,2924,3254,5805,7905,6569,7910,4741,4873,5118,9466,1032,6288,1138,6763,2240,796,6601,6747,5025,1810,9068,3809,2692,1325,9211,9483,1332,6448,9099,7742,5597,2877,5290,6500,4027,419,5444,1703,1929,3530,9937,8435,5873,9104,4329,5244,9342,3192,682,6913
"Site98",2910,4877,6785,6332,4654,5958,5424,3121,7471,8076,3394,3357,9369,492,4291,8926,8,2972,3920,9364,9271,9271,9828,6718,326,6016,8989,2486,8157,9757,781,1739,724,7457,6031,9299,6233,1612,4165,2095,1381,7845,875,8877,8591,4369,5722,7155,6451,5739,2327,3103,5377,1755,6114,9672,8784,5316,60,3387,5769,2432,426,9975,3606,9194,9208,2928,2490,1169,3854,6136,8522,879,7589,7989,660,2816,7230,2583,4818,1438,7102,7086,3694,4926,8297,3946,2223,7446,2626,5504,8698,4510,2067,7047,9809,5427,1055,8743
"Site99",6607,4433,659,1149,4016,674,6377,3407,4571,5819,8763,1921,3383,6015,2597,5033,4427,28,4342,3648,3979,9844,6432,262,9102,4882,9676,8855,3269,5771,6961,136,9304,2333,5351,7720,5800,5497,9376,5046,5242,6556,375,7243,1575,9076,9388,9399,3050,1140,8072,8166,6145,4283,6134,8912,9407,8730,1048,5608,1489,481,8731,6377,5066,5308,1494,7220,1972,3150,2565,1005,7576,5138,9663,8301,7506,7875,9731,8702,6560,3410,8278,4010,9669,3913,3342,7576,6948,8442,8560,4081,1169,2992,6547,5409,1811,7844,8066,5587
"Site100",5264,3469,1300,8887,6397,1848,5684,2334,368,133,9834,8361,1533,1961,7785,1220,2959,146,4309,2773,1502,4796,9583,15,5631,5445,1066,6158,5820,969,3640,3323,173,1177,7855,9075,7014,9715,923,9217,7492,2992,5869,9649,2703,2747,8630,2524,4514,1545,4411,4865,2520,6275,9445,6859,7577,2449,144,1528,3824,5554,9167,7277,6364,60,5571,9638,1455,526,3054,2242,7444,4362,323,4052,1498,9503,3097,2008,7111,8729,8839,9374,2669,3727,1959,1647,6355,5691,9587,6350,4831,547,163,8259,6953,2699,1951,5678
